{"cameraMode":{"drawMode":0,"name":"Shaded","section":"Shading Mode"},"sceneLighting":true,"audioPlay":false,"sceneViewState":{"showFog":true,"showMaterialUpdate":false,"showSkybox":true,"showFlares":true,"showImageEffects":true,"showParticleSystems":true},"in2DMode":false,"pivot":{"x":1.0817285776138306,"y":-0.8560421466827393,"z":-1.1938984394073487},"rotation":{"x":0.11114495247602463,"y":0.8877036571502686,"z":-0.2910362780094147,"w":0.3390088677406311},"size":5.396562576293945,"orthographic":false}